{
  "iteration": 25,
  "timestamp_iso": "2026-05-11T02:23:52Z",
  "pool_id": 0,
  "params": {
    "weights": [
      40.0,
      1.2,
      0.1,
      0.5,
      0.03,
      30.0,
      90.0,
      -0.08,
      72900000.0,
      1000000.0,
      50.0,
      150.0
    ],
    "thresholds": {},
    "rules": {
      "rating_floor_int": 2,
      "fee_pct": 0.0001,
      "initial_capital": 1000000
    }
  },
  "metrics": {
    "sharpe": -0.4565,
    "win_rate": 0.4141,
    "total_trades": 99,
    "total_return": -0.039382,
    "max_drawdown": -0.146044,
    "excess_return": -0.016421,
    "n_days": 132
  }
}