pool_id,start,end,event_count,hdrf_excess_return,hdrf_total_return,hdrf_sharpe,hdrf_max_drawdown,hdrf_total_trades,hdrf_win_rate,hdrf_n_days,loop_excess_return,loop_total_return,loop_sharpe,loop_max_drawdown,loop_total_trades,loop_win_rate,loop_n_days,excess_gap_hdrf_minus_loop,abs_excess_gap,converged_3pp
0,20220104,20220721,132,-0.033464,-0.056425,,-0.165221,70,0.4286,132,-0.028606,-0.051567,-0.6323,-0.153603,102,0.4118,132,-0.004858,0.004858,1
1,20220722,20230207,131,0.039148,-0.037698,,-0.12292,85,0.5059,131,0.050126,-0.02672,-0.415,-0.112191,83,0.4458,131,-0.010978,0.010978,1
2,20230208,20230817,131,-0.037423,-0.061449,,-0.072508,97,0.299,131,-0.03137,-0.055397,-1.3999,-0.069208,71,0.338,131,-0.006053,0.006053,1
3,20230818,20240306,131,0.031466,-0.082588,,-0.114621,111,0.3243,131,0.005753,-0.108301,-2.1519,-0.148278,93,0.2903,131,0.025713,0.025713,1
4,20240307,20240913,131,-0.022726,-0.091171,,-0.16669,156,0.4615,131,-0.009871,-0.078316,-1.175,-0.143931,84,0.2976,131,-0.012855,0.012855,1
5,20240918,20250407,131,0.009001,0.144503,,-0.131369,124,0.5645,131,0.086498,0.222001,1.9238,-0.129653,95,0.4737,131,-0.077497,0.077497,0
6,20250408,20251021,131,0.104487,0.290842,,-0.051916,114,0.6316,131,0.132499,0.318854,3.4367,-0.056237,103,0.6893,131,-0.028012,0.028012,1
7,20251022,20260508,131,0.204758,0.345834,,-0.057871,177,0.6497,131,0.084139,0.225215,2.2831,-0.068689,98,0.5714,131,0.120619,0.120619,0
