year,start,end,event_count,loop_excess_return,loop_total_return,loop_sharpe,loop_max_drawdown,loop_total_trades,loop_win_rate,loop_n_days,hdrf_excess_return,hdrf_total_return,hdrf_sharpe,hdrf_max_drawdown,hdrf_total_trades,hdrf_win_rate,hdrf_n_days,excess_gap_loop_minus_hdrf,abs_excess_gap,converged_3pp
2019,20190102,20191231,244,-0.100846,0.10652,1.2737,-0.091883,83,0.506,244,0.161312,0.368678,,-0.107537,140,0.7143,244,-0.262158,0.262158,0
2020,20200102,20201231,243,-0.127092,-0.022926,-0.1104,-0.138138,154,0.3831,243,-0.130604,-0.026438,,-0.131274,90,0.3889,243,0.003512,0.003512,1
2021,20210104,20211231,243,0.067489,0.189187,1.5485,-0.08988,141,0.6383,243,-0.050441,0.071257,,-0.083862,116,0.5948,243,0.11793,0.11793,0
2022,20220104,20221230,242,0.036504,-0.125518,-1.0218,-0.153603,174,0.2989,242,0.014425,-0.147596,,-0.174975,149,0.3087,242,0.022079,0.022079,1
2023,20230103,20231229,242,-0.053515,-0.081135,-1.0194,-0.161087,140,0.2714,242,-0.031027,-0.058647,,-0.14319,166,0.4096,242,-0.022488,0.022488,1
2024,20240102,20241231,242,0.09512,0.090761,0.6447,-0.148468,159,0.4843,242,0.030085,0.025727,,-0.170346,255,0.4667,242,0.065035,0.065035,0
