{
  "iteration": 15,
  "timestamp_iso": "2026-05-11T02:09:49Z",
  "pool_id": 2,
  "params": {
    "weights": [
      60.0,
      1.2,
      0.1,
      0.5,
      0.03,
      30.0,
      90.0,
      -0.08,
      72900000.0,
      1000000.0,
      80.0,
      150.0
    ],
    "thresholds": {},
    "rules": {
      "rating_floor_int": 2,
      "fee_pct": 0.0003,
      "initial_capital": 1000000
    }
  },
  "metrics": {
    "sharpe": -0.9021,
    "win_rate": 0.3515,
    "total_trades": 165,
    "total_return": -0.081438,
    "max_drawdown": -0.104459,
    "excess_return": 0.034706,
    "n_days": 251
  }
}